A1,A2,A3,A4,A5,A6,A7,A8,A9,A10,A11,A12,A13,A14,A15
b,34.92,2.5,u,g,w,v,0.0,t,f,0,t,g,239.0,200
b,37.42,2.04,u,g,w,v,0.04,t,f,0,t,g,400.0,5800
a,19.58,0.665,y,p,c,v,1.0,f,t,1,f,g,2000.0,2
b,42.0,0.205,u,g,i,h,5.125,t,f,0,f,g,400.0,0
b,39.25,9.5,u,g,m,v,6.5,t,t,14,f,g,240.0,4607
a,24.08,0.5,u,g,q,h,1.25,t,t,1,f,g,0.0,678
b,18.08,5.5,u,g,k,v,0.5,t,f,0,f,g,80.0,0
a,20.83,3.0,u,g,aa,v,0.04,t,f,0,f,g,100.0,0
a,16.33,0.21,u,g,aa,v,0.125,f,f,0,f,g,200.0,1
b,22.67,1.585,y,p,w,v,3.085,t,t,6,f,g,80.0,0
b,32.25,0.165,y,p,c,h,3.25,t,t,1,t,g,432.0,8000
a,31.25,3.75,u,g,cc,h,0.625,t,t,9,t,g,181.0,0
b,28.33,5.0,u,g,w,v,11.0,t,f,0,t,g,70.0,0
b,36.33,3.79,u,g,w,v,1.165,t,f,0,t,g,200.0,0
b,51.58,15.0,u,g,c,v,8.5,t,t,9,f,g,0.0,0
b,24.5,13.335,y,p,aa,v,0.04,f,f,0,t,g,120.0,475
b,39.0,5.0,u,g,cc,v,3.5,t,t,10,t,g,0.0,0
b,34.0,5.085,y,p,i,bb,1.085,f,f,0,t,g,480.0,0
a,21.75,11.75,u,g,c,v,0.25,f,f,0,t,g,180.0,0
b,73.42,17.75,u,g,ff,ff,0.0,t,f,0,t,g,0.0,0
b,23.58,0.835,u,g,i,h,0.085,f,f,0,t,g,220.0,5
b,13.75,4.0,y,p,w,v,1.75,t,t,2,t,g,120.0,1000
b,31.42,15.5,u,g,c,v,0.5,t,f,0,f,g,120.0,0
b,17.92,0.205,u,g,aa,v,0.04,f,f,0,f,g,280.0,750
a,15.83,7.625,u,g,q,v,0.125,f,t,1,t,g,0.0,160
a,40.33,8.125,y,p,k,v,0.165,f,t,2,f,g,,18
b,31.92,4.46,u,g,cc,h,6.04,t,t,3,f,g,311.0,300
a,23.58,11.5,y,p,k,h,3.0,f,f,0,t,g,20.0,16
b,62.5,12.75,y,p,c,h,5.0,t,f,0,f,g,112.0,0
b,43.25,3.0,u,g,q,h,6.0,t,t,11,f,g,80.0,0
